<?xml version = '1.0' encoding = 'UTF-8'?>
<Entity class="oracle.dbtools.crest.model.design.logical.Entity" directorySegmentName="seg_0" id="3D7E2C6D-F79D-2261-8DED-77956788B0A9" name="t_ia">
<createdBy>User</createdBy>
<createdTime>2024-11-15 22:52:02 UTC</createdTime>
<ownerDesignName>projetoooooo</ownerDesignName>
<engineerTo>
<item key="D79BD803-3622-92B9-F6A9-F29DF909AE33" value="true"/>
</engineerTo>
<adequatelyNormalized>NO</adequatelyNormalized>
<expectedVolumes>0</expectedVolumes>
<fwdEngineeringStrategyName>Single Table</fwdEngineeringStrategyName>
<growthPercent>0</growthPercent>
<growthType>Year</growthType>
<maxVolumes>9999999</maxVolumes>
<minVolumes>0</minVolumes>
<normalForm>Third</normalForm>
<attributes itemClass="oracle.dbtools.crest.model.design.logical.Attribute">
<Attribute name="cd_ia" id="24A0732D-B34F-AAFF-0CFD-780AB8B29454">
<createdBy>User</createdBy>
<createdTime>2024-11-15 22:53:00 UTC</createdTime>
<ownerDesignName>projetoooooo</ownerDesignName>
<engineerTo>
<item key="D79BD803-3622-92B9-F6A9-F29DF909AE33" value="true"/>
</engineerTo>
<use>0</use>
<ownDataTypeParameters>,,</ownDataTypeParameters>
</Attribute>
<Attribute name="import_ia" id="228395F6-642D-6F47-9AB2-CF719C4900F5">
<createdBy>User</createdBy>
<createdTime>2024-11-15 22:53:11 UTC</createdTime>
<ownerDesignName>projetoooooo</ownerDesignName>
<engineerTo>
<item key="D79BD803-3622-92B9-F6A9-F29DF909AE33" value="true"/>
</engineerTo>
<useDomainConstraints>false</useDomainConstraints>
<use>1</use>
<logicalDatatype>A3A3C77D-0366-9768-FF89-1C25E56881C8</logicalDatatype>
<ownDataTypeParameters>,,</ownDataTypeParameters>
</Attribute>
<Attribute name="modelo_ia" id="31F5D536-A8D1-99BD-B94F-54E5F11EF231">
<createdBy>User</createdBy>
<createdTime>2024-11-15 23:32:37 UTC</createdTime>
<ownerDesignName>projetoooooo</ownerDesignName>
<engineerTo>
<item key="D79BD803-3622-92B9-F6A9-F29DF909AE33" value="true"/>
</engineerTo>
<useDomainConstraints>false</useDomainConstraints>
<use>1</use>
<logicalDatatype>LOGDT024</logicalDatatype>
<ownDataTypeParameters>,,</ownDataTypeParameters>
</Attribute>
<Attribute name="parametros_ia" id="9F22D926-7B56-EE5D-C391-536AF0B4B754">
<createdBy>User</createdBy>
<createdTime>2024-11-15 23:33:54 UTC</createdTime>
<ownerDesignName>projetoooooo</ownerDesignName>
<engineerTo>
<item key="D79BD803-3622-92B9-F6A9-F29DF909AE33" value="true"/>
</engineerTo>
<useDomainConstraints>false</useDomainConstraints>
<use>1</use>
<logicalDatatype>LOGDT019</logicalDatatype>
<ownDataTypeParameters>,,</ownDataTypeParameters>
</Attribute>
</attributes>
<identifiers itemClass="oracle.dbtools.crest.model.design.logical.CandidateKey">
<identifier id="27691835-8E4B-5425-19BD-CE7F5C6162BF" name="t_ia PK">
<createdBy>User</createdBy>
<createdTime>2024-11-15 22:53:09 UTC</createdTime>
<ownerDesignName>projetoooooo</ownerDesignName>
<engineerTo>
<item key="D79BD803-3622-92B9-F6A9-F29DF909AE33" value="true"/>
</engineerTo>
<pk>true</pk>
<usedAttributes>
<attributeRef>24A0732D-B34F-AAFF-0CFD-780AB8B29454</attributeRef>
</usedAttributes>
</identifier>
</identifiers>
</Entity>
