<?xml version = '1.0' encoding = 'UTF-8'?>
<Diagram class="oracle.dbtools.crest.swingui.logical.DPVLogical" name="Logical" id="CFA6398D-DBEA-BA77-7F06-9D3F855C9FFE">
<createdBy>User</createdBy>
<modifiedBy>User</modifiedBy>
<createdTime>2024-11-15 22:52:02 UTC</createdTime>
<autoRoute>false</autoRoute>
<boxInbox>true</boxInbox>
<showLegend>false</showLegend>
<showLabels>false</showLabels>
<showRelAttributes>false</showRelAttributes>
<gridEnabled>false</gridEnabled>
<showGrid>false</showGrid>
<diagramColor>-1</diagramColor>
<display>false</display>
<notation>2</notation>
<objectViews>
<OView class="oracle.dbtools.crest.swingui.logical.TVEntity" oid="01BF7E0D-2F12-1147-B5CA-380E2972403E" otype="Entity" vid="A99E2DB0-F997-2C6B-7F2C-8E5643007C2E">
<hideElementsInCurrentOnly>false</hideElementsInCurrentOnly>
<bounds x="969" y="451" width="200" height="183"/>
</OView>
<OView class="oracle.dbtools.crest.swingui.logical.TVEntity" oid="207417BA-E609-890D-90A4-AEFFED0F8C9F" otype="Entity" vid="3E6F6024-DA8B-AB36-DFCE-42DD9A26833C">
<hideElementsInCurrentOnly>false</hideElementsInCurrentOnly>
<bounds x="26" y="25" width="198" height="187"/>
</OView>
<OView class="oracle.dbtools.crest.swingui.logical.TVEntity" oid="2FBFF2EB-B5F3-8527-E922-6FF798FDEEEB" otype="Entity" vid="B2FB444F-C8E3-492E-01B6-DDA982F30B90">
<hideElementsInCurrentOnly>false</hideElementsInCurrentOnly>
<bounds x="646" y="477" width="195" height="160"/>
</OView>
<OView class="oracle.dbtools.crest.swingui.logical.TVEntity" oid="3D7E2C6D-F79D-2261-8DED-77956788B0A9" otype="Entity" vid="83B366C5-E82D-A8DA-43D3-1EE728A423AC">
<hideElementsInCurrentOnly>false</hideElementsInCurrentOnly>
<bounds x="307" y="30" width="237" height="150"/>
</OView>
<OView class="oracle.dbtools.crest.swingui.logical.TVEntity" oid="61DEE981-8FE8-DF67-9DAE-7E8DE67291A5" otype="Entity" vid="362C15A8-81B9-7772-3AFD-49406972815E">
<hideElementsInCurrentOnly>false</hideElementsInCurrentOnly>
<bounds x="1005" y="0" width="261" height="182"/>
</OView>
<OView class="oracle.dbtools.crest.swingui.logical.TVEntity" oid="B7F8F005-4087-393C-1417-4FB37602B317" otype="Entity" vid="A149133F-E438-2794-7A16-8BE71B7F9A6B">
<hideElementsInCurrentOnly>false</hideElementsInCurrentOnly>
<bounds x="660" y="5" width="273" height="172"/>
</OView>
<OView class="oracle.dbtools.crest.swingui.logical.TVEntity" oid="BABF8CB3-8CF2-9619-616F-25095AA234B7" otype="Entity" vid="C1471E88-7F5E-4A44-4381-70A70F980D9C">
<hideElementsInCurrentOnly>false</hideElementsInCurrentOnly>
<bounds x="304" y="497" width="197" height="146"/>
</OView>
<OView class="oracle.dbtools.crest.swingui.logical.TVEntity" oid="E58DBA81-E13B-2ED9-68CF-7117F4E63EE5" otype="Entity" vid="BC5AD75B-8B8B-D5C6-F8EC-CB7A27FD2947">
<hideElementsInCurrentOnly>false</hideElementsInCurrentOnly>
<bounds x="678" y="230" width="224" height="153"/>
</OView>
<OView class="oracle.dbtools.crest.swingui.logical.TVEntity" oid="FD424FB2-EA5F-7AE7-CBAD-FD9723DB238E" otype="Entity" vid="F4EBAE0B-4621-BB44-8833-BC48483D7870">
<hideElementsInCurrentOnly>false</hideElementsInCurrentOnly>
<bounds x="326" y="240" width="199" height="166"/>
</OView>
</objectViews>
<connectors>
<Connector class="oracle.dbtools.crest.swingui.logical.TVRelation" oid="1D92EEA4-B086-60B4-47E9-B3655FAC1953" otype="Relation" vid_source="B2FB444F-C8E3-492E-01B6-DDA982F30B90" vid_target="A99E2DB0-F997-2C6B-7F2C-8E5643007C2E">
<hideElementsInCurrentOnly>false</hideElementsInCurrentOnly>
<backgroundColor>-16777216</backgroundColor>
<lineWidth>1</lineWidth>
<points>
<point x="841" y="555"/>
<point x="969" y="555"/>
</points>
</Connector>
<Connector class="oracle.dbtools.crest.swingui.logical.TVRelation" oid="315F6B10-D4CB-B379-560C-F08ECABCF39D" otype="Relation" vid_source="83B366C5-E82D-A8DA-43D3-1EE728A423AC" vid_target="A149133F-E438-2794-7A16-8BE71B7F9A6B">
<hideElementsInCurrentOnly>false</hideElementsInCurrentOnly>
<backgroundColor>-16777216</backgroundColor>
<lineWidth>1</lineWidth>
<points>
<point x="544" y="103"/>
<point x="660" y="103"/>
</points>
</Connector>
<Connector class="oracle.dbtools.crest.swingui.logical.TVRelation" oid="747A8A45-4A3D-8E45-844F-D5B35B3E74F9" otype="Relation" vid_source="A149133F-E438-2794-7A16-8BE71B7F9A6B" vid_target="BC5AD75B-8B8B-D5C6-F8EC-CB7A27FD2947">
<hideElementsInCurrentOnly>false</hideElementsInCurrentOnly>
<backgroundColor>-16777216</backgroundColor>
<lineWidth>1</lineWidth>
<points>
<point x="790" y="177"/>
<point x="790" y="230"/>
</points>
</Connector>
<Connector class="oracle.dbtools.crest.swingui.logical.TVRelation" oid="88245290-128A-289D-07F4-5074F04DB1E7" otype="Relation" vid_source="A149133F-E438-2794-7A16-8BE71B7F9A6B" vid_target="362C15A8-81B9-7772-3AFD-49406972815E">
<hideElementsInCurrentOnly>false</hideElementsInCurrentOnly>
<backgroundColor>-16777216</backgroundColor>
<lineWidth>1</lineWidth>
<points>
<point x="933" y="91"/>
<point x="1005" y="91"/>
</points>
</Connector>
<Connector class="oracle.dbtools.crest.swingui.logical.TVRelation" oid="A74CA959-7F6A-AFDB-7236-CBD081B39E81" otype="Relation" vid_source="F4EBAE0B-4621-BB44-8833-BC48483D7870" vid_target="C1471E88-7F5E-4A44-4381-70A70F980D9C">
<hideElementsInCurrentOnly>false</hideElementsInCurrentOnly>
<backgroundColor>-16777216</backgroundColor>
<lineWidth>1</lineWidth>
<points>
<point x="413" y="406"/>
<point x="413" y="497"/>
</points>
</Connector>
<Connector class="oracle.dbtools.crest.swingui.logical.TVRelation" oid="BB7A869D-D273-586B-8337-513E646244DD" otype="Relation" vid_source="83B366C5-E82D-A8DA-43D3-1EE728A423AC" vid_target="3E6F6024-DA8B-AB36-DFCE-42DD9A26833C">
<hideElementsInCurrentOnly>false</hideElementsInCurrentOnly>
<backgroundColor>-16777216</backgroundColor>
<lineWidth>1</lineWidth>
<points>
<point x="307" y="105"/>
<point x="224" y="105"/>
</points>
</Connector>
<Connector class="oracle.dbtools.crest.swingui.logical.TVRelation" oid="DD5EE1BE-1894-F86A-5A20-D7190B585E29" otype="Relation" vid_source="83B366C5-E82D-A8DA-43D3-1EE728A423AC" vid_target="F4EBAE0B-4621-BB44-8833-BC48483D7870">
<hideElementsInCurrentOnly>false</hideElementsInCurrentOnly>
<backgroundColor>-16777216</backgroundColor>
<lineWidth>1</lineWidth>
<points>
<point x="425" y="180"/>
<point x="425" y="240"/>
</points>
</Connector>
<Connector class="oracle.dbtools.crest.swingui.logical.TVRelation" oid="FF9D3FCA-8157-1810-E7DE-E484F73A20EF" otype="Relation" vid_source="C1471E88-7F5E-4A44-4381-70A70F980D9C" vid_target="B2FB444F-C8E3-492E-01B6-DDA982F30B90">
<hideElementsInCurrentOnly>false</hideElementsInCurrentOnly>
<backgroundColor>-16777216</backgroundColor>
<lineWidth>1</lineWidth>
<points>
<point x="501" y="567"/>
<point x="646" y="567"/>
</points>
</Connector>
</connectors>
</Diagram>
