<?xml version = '1.0' encoding = 'UTF-8'?>
<Relation class="oracle.dbtools.crest.model.design.logical.Relation" name="Relation_10" directorySegmentName="seg_0" id="1D92EEA4-B086-60B4-47E9-B3655FAC1953">
<createdBy>User</createdBy>
<createdTime>2024-11-20 02:25:42 UTC</createdTime>
<ownerDesignName>projetoooooo</ownerDesignName>
<engineerTo>
<item key="D79BD803-3622-92B9-F6A9-F29DF909AE33" value="true"/>
</engineerTo>
<sourcePk>1E427B87-D4E1-645D-2008-7386F8E6D802</sourcePk>
<identifying>false</identifying>
<optionalSource>true</optionalSource>
<optionalTarget>false</optionalTarget>
<sourceCardinality>1</sourceCardinality>
<sourceEntity>2FBFF2EB-B5F3-8527-E922-6FF798FDEEEB</sourceEntity>
<targetCardinalityString>1</targetCardinalityString>
<targetEntity>01BF7E0D-2F12-1147-B5CA-380E2972403E</targetEntity>
<transferable>true</transferable>
<deleteRule>NO ACTION</deleteRule>
</Relation>
