<?xml version = '1.0' encoding = 'UTF-8'?>
<Relation class="oracle.dbtools.crest.model.design.logical.Relation" name="Relation_1" directorySegmentName="seg_0" id="315F6B10-D4CB-B379-560C-F08ECABCF39D">
<createdBy>User</createdBy>
<createdTime>2024-11-15 23:24:53 UTC</createdTime>
<ownerDesignName>projetoooooo</ownerDesignName>
<engineerTo>
<item key="D79BD803-3622-92B9-F6A9-F29DF909AE33" value="true"/>
</engineerTo>
<sourcePk>27691835-8E4B-5425-19BD-CE7F5C6162BF</sourcePk>
<identifying>false</identifying>
<optionalSource>true</optionalSource>
<optionalTarget>false</optionalTarget>
<sourceCardinality>1</sourceCardinality>
<sourceEntity>3D7E2C6D-F79D-2261-8DED-77956788B0A9</sourceEntity>
<targetCardinalityString>*</targetCardinalityString>
<targetEntity>B7F8F005-4087-393C-1417-4FB37602B317</targetEntity>
<transferable>true</transferable>
<deleteRule>NO ACTION</deleteRule>
</Relation>
