<?xml version = '1.0' encoding = 'UTF-8'?>
<Relation class="oracle.dbtools.crest.model.design.logical.Relation" name="Relation_2" directorySegmentName="seg_0" id="747A8A45-4A3D-8E45-844F-D5B35B3E74F9">
<createdBy>User</createdBy>
<createdTime>2024-11-15 23:25:10 UTC</createdTime>
<ownerDesignName>projetoooooo</ownerDesignName>
<engineerTo>
<item key="D79BD803-3622-92B9-F6A9-F29DF909AE33" value="true"/>
</engineerTo>
<sourcePk>D016428F-205E-FB86-AEAA-1C77DE1D9F86</sourcePk>
<identifying>false</identifying>
<optionalSource>true</optionalSource>
<optionalTarget>false</optionalTarget>
<sourceCardinality>1</sourceCardinality>
<sourceEntity>B7F8F005-4087-393C-1417-4FB37602B317</sourceEntity>
<targetCardinalityString>1</targetCardinalityString>
<targetEntity>E58DBA81-E13B-2ED9-68CF-7117F4E63EE5</targetEntity>
<transferable>true</transferable>
<deleteRule>NO ACTION</deleteRule>
</Relation>
