<?xml version = '1.0' encoding = 'UTF-8'?>
<Relation class="oracle.dbtools.crest.model.design.logical.Relation" name="Relation_9" directorySegmentName="seg_0" id="A74CA959-7F6A-AFDB-7236-CBD081B39E81">
<createdBy>User</createdBy>
<createdTime>2024-11-15 23:27:35 UTC</createdTime>
<ownerDesignName>projetoooooo</ownerDesignName>
<engineerTo>
<item key="D79BD803-3622-92B9-F6A9-F29DF909AE33" value="true"/>
</engineerTo>
<sourcePk>DD1720BF-4748-081D-B172-14DBCA0305AB</sourcePk>
<identifying>false</identifying>
<optionalSource>true</optionalSource>
<optionalTarget>false</optionalTarget>
<sourceCardinality>1</sourceCardinality>
<sourceEntity>FD424FB2-EA5F-7AE7-CBAD-FD9723DB238E</sourceEntity>
<targetCardinalityString>1</targetCardinalityString>
<targetEntity>BABF8CB3-8CF2-9619-616F-25095AA234B7</targetEntity>
<transferable>true</transferable>
<deleteRule>NO ACTION</deleteRule>
</Relation>
