<?xml version = '1.0' encoding = 'UTF-8'?>
<Relation class="oracle.dbtools.crest.model.design.logical.Relation" name="Relation_3" directorySegmentName="seg_0" id="BB7A869D-D273-586B-8337-513E646244DD">
<createdBy>User</createdBy>
<createdTime>2024-11-15 23:25:33 UTC</createdTime>
<ownerDesignName>projetoooooo</ownerDesignName>
<engineerTo>
<item key="D79BD803-3622-92B9-F6A9-F29DF909AE33" value="true"/>
</engineerTo>
<sourcePk>27691835-8E4B-5425-19BD-CE7F5C6162BF</sourcePk>
<identifying>false</identifying>
<optionalSource>true</optionalSource>
<optionalTarget>false</optionalTarget>
<sourceCardinality>1</sourceCardinality>
<sourceEntity>3D7E2C6D-F79D-2261-8DED-77956788B0A9</sourceEntity>
<targetCardinalityString>1</targetCardinalityString>
<targetEntity>207417BA-E609-890D-90A4-AEFFED0F8C9F</targetEntity>
<transferable>true</transferable>
<deleteRule>NO ACTION</deleteRule>
</Relation>
