<?xml version = '1.0' encoding = 'UTF-8'?>
<Relation class="oracle.dbtools.crest.model.design.logical.Relation" name="Relation_8" directorySegmentName="seg_0" id="DD5EE1BE-1894-F86A-5A20-D7190B585E29">
<createdBy>User</createdBy>
<createdTime>2024-11-15 23:27:23 UTC</createdTime>
<ownerDesignName>projetoooooo</ownerDesignName>
<engineerTo>
<item key="D79BD803-3622-92B9-F6A9-F29DF909AE33" value="true"/>
</engineerTo>
<sourcePk>27691835-8E4B-5425-19BD-CE7F5C6162BF</sourcePk>
<dominantRole>3D7E2C6D-F79D-2261-8DED-77956788B0A9</dominantRole>
<identifying>false</identifying>
<optionalSource>true</optionalSource>
<optionalTarget>false</optionalTarget>
<sourceCardinality>1</sourceCardinality>
<sourceEntity>3D7E2C6D-F79D-2261-8DED-77956788B0A9</sourceEntity>
<targetCardinalityString>1</targetCardinalityString>
<targetEntity>FD424FB2-EA5F-7AE7-CBAD-FD9723DB238E</targetEntity>
<transferable>true</transferable>
<deleteRule>NO ACTION</deleteRule>
</Relation>
