<?xml version = '1.0' encoding = 'UTF-8'?>
<Entity class="oracle.dbtools.crest.model.design.logical.Entity" directorySegmentName="seg_0" id="01BF7E0D-2F12-1147-B5CA-380E2972403E" name="t_log_auditoria">
<createdBy>User</createdBy>
<createdTime>2024-11-20 02:17:30 UTC</createdTime>
<ownerDesignName>projetoooooo</ownerDesignName>
<engineerTo>
<item key="D79BD803-3622-92B9-F6A9-F29DF909AE33" value="true"/>
</engineerTo>
<adequatelyNormalized>NO</adequatelyNormalized>
<expectedVolumes>0</expectedVolumes>
<fwdEngineeringStrategyName>Single Table</fwdEngineeringStrategyName>
<growthPercent>0</growthPercent>
<growthType>Year</growthType>
<maxVolumes>9999999</maxVolumes>
<minVolumes>0</minVolumes>
<normalForm>Third</normalForm>
<attributes itemClass="oracle.dbtools.crest.model.design.logical.Attribute">
<Attribute name="cd_" id="3AB1818B-2721-9ACB-BFCB-9A52C65BD984">
<createdBy>User</createdBy>
<createdTime>2024-11-20 02:20:11 UTC</createdTime>
<ownerDesignName>projetoooooo</ownerDesignName>
<engineerTo>
<item key="D79BD803-3622-92B9-F6A9-F29DF909AE33" value="true"/>
</engineerTo>
<use>0</use>
<ownDataTypeParameters>,,</ownDataTypeParameters>
</Attribute>
<Attribute name="tabela_afetada" id="D9403399-8C5E-1603-E25A-DED868FD53FE">
<createdBy>User</createdBy>
<createdTime>2024-11-20 02:21:34 UTC</createdTime>
<ownerDesignName>projetoooooo</ownerDesignName>
<engineerTo>
<item key="D79BD803-3622-92B9-F6A9-F29DF909AE33" value="true"/>
</engineerTo>
<useDomainConstraints>false</useDomainConstraints>
<use>1</use>
<logicalDatatype>LOGDT040</logicalDatatype>
<ownDataTypeParameters>,,</ownDataTypeParameters>
</Attribute>
<Attribute name="campo_afetado" id="AF159F98-5DEF-300C-F5B5-93C9AA9BB2B8">
<createdBy>User</createdBy>
<createdTime>2024-11-20 02:22:07 UTC</createdTime>
<ownerDesignName>projetoooooo</ownerDesignName>
<engineerTo>
<item key="D79BD803-3622-92B9-F6A9-F29DF909AE33" value="true"/>
</engineerTo>
<useDomainConstraints>false</useDomainConstraints>
<use>1</use>
<logicalDatatype>LOGDT040</logicalDatatype>
<ownDataTypeParameters>,,</ownDataTypeParameters>
</Attribute>
<Attribute name="valor_anterior" id="2C8F4056-5E62-10EE-3FBE-E3238FC3387D">
<createdBy>User</createdBy>
<createdTime>2024-11-20 02:23:04 UTC</createdTime>
<ownerDesignName>projetoooooo</ownerDesignName>
<engineerTo>
<item key="D79BD803-3622-92B9-F6A9-F29DF909AE33" value="true"/>
</engineerTo>
<useDomainConstraints>false</useDomainConstraints>
<use>1</use>
<logicalDatatype>LOGDT040</logicalDatatype>
<ownDataTypeParameters>,,</ownDataTypeParameters>
</Attribute>
<Attribute name="valor_novo" id="75CD7890-42A1-5F89-2DF3-DC3D117AA148">
<createdBy>User</createdBy>
<createdTime>2024-11-20 02:23:35 UTC</createdTime>
<ownerDesignName>projetoooooo</ownerDesignName>
<engineerTo>
<item key="D79BD803-3622-92B9-F6A9-F29DF909AE33" value="true"/>
</engineerTo>
<useDomainConstraints>false</useDomainConstraints>
<use>1</use>
<logicalDatatype>LOGDT040</logicalDatatype>
<ownDataTypeParameters>,,</ownDataTypeParameters>
</Attribute>
<Attribute name="data_alteracao" id="0F9AA59D-FE2C-6380-EF8B-6FDB35C16DBE">
<createdBy>User</createdBy>
<createdTime>2024-11-20 02:23:57 UTC</createdTime>
<ownerDesignName>projetoooooo</ownerDesignName>
<engineerTo>
<item key="D79BD803-3622-92B9-F6A9-F29DF909AE33" value="true"/>
</engineerTo>
<useDomainConstraints>false</useDomainConstraints>
<use>1</use>
<logicalDatatype>LOGDT008</logicalDatatype>
<ownDataTypeParameters>,,</ownDataTypeParameters>
</Attribute>
<Attribute name="usuario_responsavel" id="0F0F0BA4-9978-A450-FD17-5FEFDE73FD36">
<createdBy>User</createdBy>
<createdTime>2024-11-20 02:24:39 UTC</createdTime>
<ownerDesignName>projetoooooo</ownerDesignName>
<engineerTo>
<item key="D79BD803-3622-92B9-F6A9-F29DF909AE33" value="true"/>
</engineerTo>
<useDomainConstraints>false</useDomainConstraints>
<use>1</use>
<logicalDatatype>LOGDT040</logicalDatatype>
<ownDataTypeParameters>,,</ownDataTypeParameters>
</Attribute>
<Attribute name="cd_aJUSTES" id="4FE66F40-F909-EF76-0B73-8AB05872A817">
<createdBy>User</createdBy>
<createdTime>2024-11-20 02:25:42 UTC</createdTime>
<generatorID>1D92EEA4-B086-60B4-47E9-B3655FAC1953</generatorID>
<ownerDesignName>projetoooooo</ownerDesignName>
<engineerTo>
<item key="D79BD803-3622-92B9-F6A9-F29DF909AE33" value="true"/>
</engineerTo>
<referedAttribute>7F21F5FA-9F36-38D9-0C29-08F755ACF288</referedAttribute>
<use>0</use>
<ownDataTypeParameters>,,</ownDataTypeParameters>
</Attribute>
<Attribute name="cd_erro" id="94FE17D2-FD9E-E5E5-42CF-55F1C430D549">
<createdBy>User</createdBy>
<createdTime>2024-11-20 02:25:42 UTC</createdTime>
<generatorID>1D92EEA4-B086-60B4-47E9-B3655FAC1953</generatorID>
<ownerDesignName>projetoooooo</ownerDesignName>
<engineerTo>
<item key="D79BD803-3622-92B9-F6A9-F29DF909AE33" value="true"/>
</engineerTo>
<referedAttribute>C04819D2-F30B-8562-D7F4-D56B38A0326D</referedAttribute>
<use>0</use>
<ownDataTypeParameters>,,</ownDataTypeParameters>
</Attribute>
</attributes>
<identifiers itemClass="oracle.dbtools.crest.model.design.logical.CandidateKey">
<identifier id="56AF17BF-1C63-8DA3-DAB0-CD0B9E6F8254" name="t_log_auditoria PK">
<createdBy>User</createdBy>
<createdTime>2024-11-20 02:21:33 UTC</createdTime>
<ownerDesignName>projetoooooo</ownerDesignName>
<engineerTo>
<item key="D79BD803-3622-92B9-F6A9-F29DF909AE33" value="true"/>
</engineerTo>
<pk>true</pk>
<usedAttributes>
<attributeRef>3AB1818B-2721-9ACB-BFCB-9A52C65BD984</attributeRef>
</usedAttributes>
</identifier>
</identifiers>
</Entity>
