<?xml version = '1.0' encoding = 'UTF-8'?>
<Entity class="oracle.dbtools.crest.model.design.logical.Entity" directorySegmentName="seg_0" id="BABF8CB3-8CF2-9619-616F-25095AA234B7" name="t_tipo_erros">
<createdBy>User</createdBy>
<createdTime>2024-11-15 23:13:58 UTC</createdTime>
<ownerDesignName>projetoooooo</ownerDesignName>
<engineerTo>
<item key="D79BD803-3622-92B9-F6A9-F29DF909AE33" value="true"/>
</engineerTo>
<adequatelyNormalized>NO</adequatelyNormalized>
<expectedVolumes>0</expectedVolumes>
<fwdEngineeringStrategyName>Single Table</fwdEngineeringStrategyName>
<growthPercent>0</growthPercent>
<growthType>Year</growthType>
<maxVolumes>9999999</maxVolumes>
<minVolumes>0</minVolumes>
<normalForm>Third</normalForm>
<attributes itemClass="oracle.dbtools.crest.model.design.logical.Attribute">
<Attribute name="cd_erro" id="8C2E7DD6-649E-D930-D8AC-56E73D59BD30">
<createdBy>User</createdBy>
<createdTime>2024-11-15 23:14:15 UTC</createdTime>
<ownerDesignName>projetoooooo</ownerDesignName>
<engineerTo>
<item key="D79BD803-3622-92B9-F6A9-F29DF909AE33" value="true"/>
</engineerTo>
<use>0</use>
<ownDataTypeParameters>,,</ownDataTypeParameters>
</Attribute>
<Attribute name="discri_erro" id="0A3DAC74-5EC7-0E07-076F-356382F28D40">
<createdBy>User</createdBy>
<createdTime>2024-11-15 23:14:42 UTC</createdTime>
<ownerDesignName>projetoooooo</ownerDesignName>
<engineerTo>
<item key="D79BD803-3622-92B9-F6A9-F29DF909AE33" value="true"/>
</engineerTo>
<useDomainConstraints>false</useDomainConstraints>
<use>1</use>
<logicalDatatype>LOGDT040</logicalDatatype>
<ownDataTypeParameters>,,</ownDataTypeParameters>
</Attribute>
<Attribute name="data_erro" id="4DC28B2B-2C61-604B-F772-0895A2E3AB8B">
<createdBy>User</createdBy>
<createdTime>2024-11-15 23:18:45 UTC</createdTime>
<ownerDesignName>projetoooooo</ownerDesignName>
<engineerTo>
<item key="D79BD803-3622-92B9-F6A9-F29DF909AE33" value="true"/>
</engineerTo>
<useDomainConstraints>false</useDomainConstraints>
<use>1</use>
<logicalDatatype>LOGDT007</logicalDatatype>
<ownDataTypeParameters>,,</ownDataTypeParameters>
</Attribute>
<Attribute name="hora_erro" id="E7AE270E-328B-D399-B6B2-66B1473DA1F6">
<createdBy>User</createdBy>
<createdTime>2024-11-15 23:19:05 UTC</createdTime>
<ownerDesignName>projetoooooo</ownerDesignName>
<engineerTo>
<item key="D79BD803-3622-92B9-F6A9-F29DF909AE33" value="true"/>
</engineerTo>
<useDomainConstraints>false</useDomainConstraints>
<use>1</use>
<logicalDatatype>LOGDT014</logicalDatatype>
<ownDataTypeParameters>,,</ownDataTypeParameters>
</Attribute>
<Attribute name="cd_infor_ia" id="5994A971-4FBC-EA62-0867-BFBA37D7F5C5">
<createdBy>User</createdBy>
<createdTime>2024-11-15 23:27:35 UTC</createdTime>
<generatorID>A74CA959-7F6A-AFDB-7236-CBD081B39E81</generatorID>
<ownerDesignName>projetoooooo</ownerDesignName>
<engineerTo>
<item key="D79BD803-3622-92B9-F6A9-F29DF909AE33" value="true"/>
</engineerTo>
<referedAttribute>C7D3713C-39EC-F373-89AA-93D0375D138E</referedAttribute>
<use>0</use>
<ownDataTypeParameters>,,</ownDataTypeParameters>
</Attribute>
<Attribute name="gravidade_erro" id="DBC3C29F-B0AF-6E10-74B2-401E0E1042AF">
<createdBy>User</createdBy>
<createdTime>2024-11-15 23:39:09 UTC</createdTime>
<ownerDesignName>projetoooooo</ownerDesignName>
<engineerTo>
<item key="D79BD803-3622-92B9-F6A9-F29DF909AE33" value="true"/>
</engineerTo>
<useDomainConstraints>false</useDomainConstraints>
<use>1</use>
<logicalDatatype>LOGDT040</logicalDatatype>
<ownDataTypeParameters>,,</ownDataTypeParameters>
</Attribute>
<Attribute name="cd_ia" id="2FDC71B5-B540-01EF-81C4-12D9D6987C9F">
<createdBy>User</createdBy>
<createdTime>2024-11-15 23:46:37 UTC</createdTime>
<generatorID>A74CA959-7F6A-AFDB-7236-CBD081B39E81</generatorID>
<ownerDesignName>projetoooooo</ownerDesignName>
<engineerTo>
<item key="D79BD803-3622-92B9-F6A9-F29DF909AE33" value="true"/>
</engineerTo>
<referedAttribute>2988D5DE-BF8D-5F71-B90D-658C0C50A122</referedAttribute>
<use>0</use>
<ownDataTypeParameters>,,</ownDataTypeParameters>
</Attribute>
</attributes>
<identifiers itemClass="oracle.dbtools.crest.model.design.logical.CandidateKey">
<identifier id="AF899C0A-5989-A4ED-D971-BE74905A877B" name="t_tipo_erros PK">
<createdBy>User</createdBy>
<createdTime>2024-11-15 23:14:41 UTC</createdTime>
<ownerDesignName>projetoooooo</ownerDesignName>
<engineerTo>
<item key="D79BD803-3622-92B9-F6A9-F29DF909AE33" value="true"/>
</engineerTo>
<pk>true</pk>
<usedAttributes>
<attributeRef>8C2E7DD6-649E-D930-D8AC-56E73D59BD30</attributeRef>
<attributeRef>2FDC71B5-B540-01EF-81C4-12D9D6987C9F</attributeRef>
</usedAttributes>
</identifier>
</identifiers>
</Entity>
